image,category,price
https://tmpp.ecrater.com/stores/379210/629f56e0e8a79_379210f.jpg,skylines,$148.99
https://tmpp.ecrater.com/stores/379210/629f557889189_379210f.jpg,skylines,$347.99
https://tmpp.ecrater.com/stores/379210/629f53ae312f1_379210f.jpg,skylines,$463.99
https://tmpg.ecrater.com/stores/516262/629e6e0726dee_516262f.jpg,compusave,$250.00
https://tmpp.ecrater.com/stores/383333/629e6799e2a45_383333f.jpg,junkestuff,$18.95
https://tmpp.ecrater.com/stores/516262/629e5bb272ee5_516262f.jpg,compusave,$225.00
https://tmpg.ecrater.com/stores/559023/629e3b6117ea4_559023f.jpg,miozosoftos,$91.99
https://tmpg.ecrater.com/stores/560761/629e387829616_560761f.jpg,cmsproducts,$39.00
https://tmpp.ecrater.com/stores/562209/629e16b9d08b3_562209f.jpg,xoelectric,$275.00
https://tmpp.ecrater.com/stores/562483/629df2ad43a41_562483f.jpg,youisr4softs,$98.99
https://tmpp.ecrater.com/stores/526703/629c215824ea7_526703f.jpg,eznowstore,$58.00
https://tmpp.ecrater.com/stores/355371/629b7875c4f4e_355371f.jpg,aosprey,$90.00
https://tmpg.ecrater.com/stores/563175/629b746a1a3f0_563175f.jpg,bluebubbles22,$26.34
https://tmpp.ecrater.com/stores/563175/629b680be0f79_563175f.jpg,bluebubbles22,$54.17
https://tmpg.ecrater.com/stores/375474/629b3831809a9_375474f.jpg,buyeverythingguysale,$165.00
https://tmpg.ecrater.com/stores/375474/629b31f5a0f7f_375474f.jpg,buyeverythingguysale,$210.00
https://s.ecrater.com/stores/84056/629a5848cc703_84056f.jpg,satmaximum,$8.99
https://s.ecrater.com/stores/84056/629a583013fb4_84056f.jpg,satmaximum,$8.99
https://s.ecrater.com/stores/84056/629a57ef149cd_84056f.jpg,satmaximum,$8.99
https://tmpp.ecrater.com/stores/364495/629a4bb62e151_364495f.jpg,closeoutwarehouse,$6.95
https://s.ecrater.com/stores/414224/629a22cc51c58_414224f.jpg,anvone,$599.99
https://s.ecrater.com/stores/535157/629a1b21f07d7_535157f.jpg,fayaltech,$9.99
https://s.ecrater.com/stores/375474/6299ee94eecaa_375474f.jpg,buyeverythingguysale,$345.00
https://s.ecrater.com/stores/414224/62998c96ab73f_414224f.jpg,anvone,$199.99
https://s.ecrater.com/stores/414224/62996ceff2747_414224f.jpg,anvone,$89.99
https://s.ecrater.com/stores/414224/62996a360f975_414224f.jpg,anvone,$99.99
https://s.ecrater.com/stores/414224/629969ea1a91b_414224f.jpg,anvone,$99.99
https://s.ecrater.com/stores/414224/62996966383eb_414224f.jpg,anvone,$79.99
https://s.ecrater.com/stores/414224/629969109fa0e_414224f.jpg,anvone,$79.99
https://s.ecrater.com/stores/414224/629968ce7b4da_414224f.jpg,anvone,$79.99
https://s.ecrater.com/stores/414224/62996877d6267_414224f.jpg,anvone,$79.99
https://s.ecrater.com/stores/414224/62996832e5f64_414224f.jpg,anvone,$79.99
https://s.ecrater.com/stores/414224/629967e9ca53c_414224f.jpg,anvone,$79.99
https://s.ecrater.com/stores/414224/629967541c9b5_414224f.jpg,anvone,$89.99
https://s.ecrater.com/stores/414224/6299670de68c8_414224f.jpg,anvone,$89.99
https://s.ecrater.com/stores/414224/6299655aeef89_414224f.jpg,anvone,$89.99
https://s.ecrater.com/stores/414224/629960f8b3dba_414224f.jpg,anvone,$99.99
https://s.ecrater.com/stores/414224/629960ae2eff6_414224f.jpg,anvone,$99.99
https://s.ecrater.com/stores/414224/629956b957c31_414224f.jpg,anvone,$89.99
https://s.ecrater.com/stores/414224/6299564fa6de3_414224f.jpg,anvone,$99.99
https://s.ecrater.com/stores/414224/629955dd0cfb7_414224f.jpg,anvone,$99.99
https://s.ecrater.com/stores/414224/6299507cd3961_414224f.jpg,anvone,$99.99
https://s.ecrater.com/stores/414224/629950453634e_414224f.jpg,anvone,$99.99
https://s.ecrater.com/stores/414224/62994ffdbd2f9_414224f.jpg,anvone,$99.99
https://s.ecrater.com/stores/414224/62994fbb97787_414224f.jpg,anvone,$99.99
https://s.ecrater.com/stores/414224/62994f7b4a0f4_414224f.jpg,anvone,$99.99
https://s.ecrater.com/stores/414224/62994ef238e58_414224f.jpg,anvone,$99.99
https://s.ecrater.com/stores/414224/6298c8e636452_414224f.jpg,anvone,$259.99
https://s.ecrater.com/stores/414224/6298c8a0a9b86_414224f.jpg,anvone,$259.99
https://s.ecrater.com/stores/414224/6297675ccd579_414224f.jpg,anvone,$499.99
https://s.ecrater.com/stores/414224/629767192fac6_414224f.jpg,anvone,$499.99
https://s.ecrater.com/stores/414224/629766dcd25ca_414224f.jpg,anvone,$499.99
https://s.ecrater.com/stores/414224/6297669ab98e6_414224f.jpg,anvone,$499.99
https://s.ecrater.com/stores/414224/62976635bd10a_414224f.jpg,anvone,$499.99
https://s.ecrater.com/stores/562483/62975e7010f0d_562483f.jpg,youisr4softs,$98.99
https://s.ecrater.com/stores/558208/62971f1256455_558208f.jpg,all4saleuk,$85.00
https://tmpp.ecrater.com/stores/558208/629de7b2bac7b_558208f.jpg,all4saleuk,$70.00
https://s.ecrater.com/stores/375474/62955ff73478d_375474f.jpg,buyeverythingguysale,"$1,250.00"
https://s.ecrater.com/stores/564343/629516d5e3e38_564343f.jpg,yauosersoft,$103.89
https://s.ecrater.com/stores/563175/6294d5ca62646_563175f.jpg,bluebubbles22,$26.05
https://s.ecrater.com/stores/563175/6294c9156a48f_563175f.jpg,bluebubbles22,$50.00
https://s.ecrater.com/stores/563175/62947a8979f6f_563175f.jpg,bluebubbles22,$27.45
https://s.ecrater.com/stores/563175/6294797144507_563175f.jpg,bluebubbles22,$21.74
https://s.ecrater.com/stores/563175/629472227a658_563175f.jpg,bluebubbles22,$30.69
https://s.ecrater.com/stores/563175/62939801d552d_563175f.jpg,bluebubbles22,$16.96
https://s.ecrater.com/stores/566893/62936c203a2a5_566893f.jpg,ndigital,$5.99
https://s.ecrater.com/stores/563175/62935d822250d_563175f.jpg,bluebubbles22,$33.07
https://s.ecrater.com/stores/563175/62933b26ca5ee_563175f.jpg,bluebubbles22,$21.74
https://s.ecrater.com/stores/563175/629338e23deee_563175f.jpg,bluebubbles22,$16.40
https://s.ecrater.com/stores/563175/62932dc8133ad_563175f.jpg,bluebubbles22,$36.87
https://s.ecrater.com/stores/567596/6292e4c58030c_567596f.jpg,digikeypro,$14.90
https://s.ecrater.com/stores/560191/6291e8734f2db_560191f.jpg,ladamowy,$68.99
https://s.ecrater.com/stores/516262/628fff70a9007_516262f.jpg,compusave,$895.00
https://s.ecrater.com/stores/365873/628ff9722d29d_365873f.jpg,shaelily,$7.95
https://s.ecrater.com/stores/249906/628fda328db72_249906f.jpg,drakkor,$20.00
https://s.ecrater.com/stores/516262/628e8ea6d62d6_516262f.jpg,compusave,$275.00
https://s.ecrater.com/stores/414224/628e33917033a_414224f.jpg,anvone,$399.99
https://s.ecrater.com/stores/375474/628e16eae5dc5_375474f.jpg,buyeverythingguysale,$359.00
https://s.ecrater.com/stores/517450/628d8528650b0_517450f.jpg,usbuscn,$449.88
https://s.ecrater.com/stores/564343/628cc163972df_564343f.jpg,yauosersoft,$66.99
https://s.ecrater.com/stores/284638/628bd2880df62_284638f.jpg,bloodaze,$39.95
https://s.ecrater.com/stores/516262/628bbe1dae261_516262f.jpg,compusave,$325.00
https://s.ecrater.com/stores/560191/628b7280b2ca5_560191f.jpg,ladamowy,$34.99
https://s.ecrater.com/stores/535157/628ac05abed1c_535157f.jpg,fayaltech,$9.99
https://s.ecrater.com/stores/355371/628eb0c7336d3_355371f.jpg,aosprey,"$1,499.00"
https://s.ecrater.com/stores/473685/6288f8d7f3330_473685f.jpg,huwaisat,$38.99
https://s.ecrater.com/stores/563175/6288d0e2ce282_563175f.jpg,bluebubbles22,$19.33
https://s.ecrater.com/stores/516262/628813da5ae05_516262f.jpg,compusave,$475.00
https://s.ecrater.com/stores/562483/6287d972d4645_562483f.jpg,youisr4softs,$81.99
https://s.ecrater.com/stores/516262/6287c3685dd1e_516262f.jpg,compusave,$315.00
https://s.ecrater.com/stores/491176/6287b438d1df2_491176f.jpg,bayaxbr,$12.00
https://s.ecrater.com/stores/414224/6287aeb9d388b_414224f.jpg,anvone,$59.99
https://s.ecrater.com/stores/379210/62879f81af637_379210f.jpg,skylines,$90.99
https://s.ecrater.com/stores/379210/62879e959b699_379210f.jpg,skylines,$74.99
https://s.ecrater.com/stores/379210/62879d217d144_379210f.jpg,skylines,$199.99
https://s.ecrater.com/stores/379210/62879c5a6661d_379210f.jpg,skylines,$21.99
https://s.ecrater.com/stores/379210/62879b43bc80a_379210f.jpg,skylines,$49.99
https://s.ecrater.com/stores/379210/62879a86ef744_379210f.jpg,skylines,$40.99
https://s.ecrater.com/stores/379210/628798bec1ec6_379210f.jpg,skylines,$34.99
https://s.ecrater.com/stores/379210/62879629170bd_379210f.jpg,skylines,$123.99
https://s.ecrater.com/stores/379210/628794a327573_379210f.jpg,skylines,$82.99
https://s.ecrater.com/stores/379210/6287932f39c1b_379210f.jpg,skylines,$35.99
https://s.ecrater.com/stores/414224/62877e77436e5_414224f.jpg,anvone,$99.99
https://s.ecrater.com/stores/414224/628773716472f_414224f.jpg,anvone,$99.99
https://s.ecrater.com/stores/414224/62876e241043b_414224f.jpg,anvone,$119.99
https://s.ecrater.com/stores/414224/62876dc804af4_414224f.jpg,anvone,$129.00
https://s.ecrater.com/stores/414224/62876965e5d0a_414224f.jpg,anvone,$89.99
https://s.ecrater.com/stores/414224/628767c27b360_414224f.jpg,anvone,$89.99
https://s.ecrater.com/stores/414224/6286008b47e2e_414224f.jpg,anvone,$69.99
https://s.ecrater.com/stores/516262/6283ec174edae_516262f.jpg,compusave,$230.00
https://s.ecrater.com/stores/517450/6283268eb7eb9_517450f.jpg,usbuscn,$369.88
https://s.ecrater.com/stores/414224/62810954915de_414224f.jpg,anvone,$89.99
https://s.ecrater.com/stores/414224/6280fd921adaa_414224f.jpg,anvone,$99.99
https://s.ecrater.com/stores/414224/6280fd39530af_414224f.jpg,anvone,$99.99
https://s.ecrater.com/stores/245468/62806abee08b4_245468f.jpg,powerenergy,$70.39
https://s.ecrater.com/stores/491086/628010b39b02c_491086f.jpg,egrotrade,$26.99
https://s.ecrater.com/stores/95893/6280101acdb57_95893f.jpg,bargainhuntersparadise,$44.99
https://s.ecrater.com/stores/491086/628007612dbdd_491086f.jpg,egrotrade,$39.99
https://s.ecrater.com/stores/414224/627efc8591221_414224f.jpg,anvone,$299.99
https://s.ecrater.com/stores/414224/627efc2f0a70f_414224f.jpg,anvone,$299.99
https://s.ecrater.com/stores/414224/627ef4b3eba24_414224f.jpg,anvone,$89.99
https://s.ecrater.com/stores/414224/627e6dfc790c2_414224f.jpg,anvone,$79.99
https://s.ecrater.com/stores/414224/627e6dae3771d_414224f.jpg,anvone,$79.99
https://s.ecrater.com/stores/559023/627cd497a8755_559023f.jpg,miozosoftos,$104.99
https://s.ecrater.com/stores/516262/627be983deb20_516262f.jpg,compusave,"$1,395.00"
https://s.ecrater.com/stores/562483/627b809b59d26_562483f.jpg,youisr4softs,$53.99
https://s.ecrater.com/stores/564130/627af60035a51_564130f.jpg,videogamesndvds2,$79.99
https://s.ecrater.com/stores/508387/6279309a343f3_508387f.jpg,deborahstore,$17.50
https://s.ecrater.com/stores/379210/627921a1aec84_379210f.jpg,skylines,$331.99
https://s.ecrater.com/stores/379210/627920afd1953_379210f.jpg,skylines,$299.99
https://s.ecrater.com/stores/379210/62791fb05cc61_379210f.jpg,skylines,$34.99
https://s.ecrater.com/stores/379210/62791ed23595e_379210f.jpg,skylines,$29.99
https://s.ecrater.com/stores/379210/62791dd1a0626_379210f.jpg,skylines,$69.99
https://s.ecrater.com/stores/379210/62791cc85e80f_379210f.jpg,skylines,$90.99
https://s.ecrater.com/stores/379210/62791bf32efdc_379210f.jpg,skylines,$281.99
https://s.ecrater.com/stores/379210/62791a811c198_379210f.jpg,skylines,$107.99
https://s.ecrater.com/stores/414224/6278d1a89b001_414224f.jpg,anvone,$99.99
https://s.ecrater.com/stores/414224/6277bf21eeda4_414224f.jpg,anvone,$95.99
https://s.ecrater.com/stores/414224/6277beec93767_414224f.jpg,anvone,$99.99
https://s.ecrater.com/stores/514817/6277ace65dd79_514817f.jpg,auytech,$29.99
https://s.ecrater.com/stores/414224/62777657d454a_414224f.jpg,anvone,$199.99
https://s.ecrater.com/stores/414224/627775e0b4c21_414224f.jpg,anvone,$189.99
https://s.ecrater.com/stores/414224/6277748b2d948_414224f.jpg,anvone,$169.99
https://s.ecrater.com/stores/414224/6277741a37ccb_414224f.jpg,anvone,$159.99
https://s.ecrater.com/stores/414224/62776de5d220a_414224f.jpg,anvone,$159.99
https://s.ecrater.com/stores/373957/6277353fd82b9_373957f.jpg,bcbg68,$8.50
https://s.ecrater.com/stores/491176/627660ee50b70_491176f.jpg,bayaxbr,$16.50
https://s.ecrater.com/stores/491176/62765ffe5cf63_491176f.jpg,bayaxbr,$14.50
https://s.ecrater.com/stores/491176/62766196bd0d6_491176f.jpg,bayaxbr,$10.50
https://s.ecrater.com/stores/559023/62765c5e36a1f_559023f.jpg,miozosoftos,$33.99
https://s.ecrater.com/stores/414224/62765be305705_414224f.jpg,anvone,$99.99
https://s.ecrater.com/stores/414224/62765a5d8ca2f_414224f.jpg,anvone,$79.99
https://s.ecrater.com/stores/414224/627657c99efc6_414224f.jpg,anvone,$99.99
https://s.ecrater.com/stores/414224/6276577804b6f_414224f.jpg,anvone,$99.99
https://s.ecrater.com/stores/414224/62764a6aa16a3_414224f.jpg,anvone,$89.99
https://s.ecrater.com/stores/414224/62764a26df25a_414224f.jpg,anvone,$89.99
https://s.ecrater.com/stores/414224/62764540e0bca_414224f.jpg,anvone,$89.99
https://s.ecrater.com/stores/414224/627645053de22_414224f.jpg,anvone,$89.99
https://s.ecrater.com/stores/473685/6276397382ea9_473685f.jpg,huwaisat,$49.99
https://s.ecrater.com/stores/414224/62763135be9fc_414224f.jpg,anvone,$89.99
https://s.ecrater.com/stores/414224/627630fd1c385_414224f.jpg,anvone,$89.99
https://s.ecrater.com/stores/414224/627629f74536a_414224f.jpg,anvone,$89.99
https://s.ecrater.com/stores/414224/627629bc94c2a_414224f.jpg,anvone,$89.99
https://s.ecrater.com/stores/414224/627625056266d_414224f.jpg,anvone,$79.99
https://s.ecrater.com/stores/414224/627623b69b5c2_414224f.jpg,anvone,$89.99
https://s.ecrater.com/stores/414224/627623365b484_414224f.jpg,anvone,$79.99
https://s.ecrater.com/stores/414224/6276227400d2c_414224f.jpg,anvone,$89.99
https://s.ecrater.com/stores/508387/6275f5f89a289_508387f.jpg,deborahstore,$17.50
https://s.ecrater.com/stores/414224/6275e64a21007_414224f.jpg,anvone,$89.99
https://s.ecrater.com/stores/414224/6275e614d786e_414224f.jpg,anvone,$89.99
https://s.ecrater.com/stores/414224/6275e5d9309fe_414224f.jpg,anvone,$89.99
https://s.ecrater.com/stores/414224/6275d58c47570_414224f.jpg,anvone,$29.99
https://s.ecrater.com/stores/414224/6275d55a420ed_414224f.jpg,anvone,$29.99
https://s.ecrater.com/stores/414224/6275d525a083c_414224f.jpg,anvone,$29.99
https://s.ecrater.com/stores/414224/6275d4f2e1367_414224f.jpg,anvone,$29.99
https://s.ecrater.com/stores/414224/6275d4b69551d_414224f.jpg,anvone,$29.99
https://s.ecrater.com/stores/414224/6275d470effa7_414224f.jpg,anvone,$29.99
https://s.ecrater.com/stores/414224/6275d41fcf2dd_414224f.jpg,anvone,$29.99
https://s.ecrater.com/stores/414224/6275d3e86a592_414224f.jpg,anvone,$29.99
https://s.ecrater.com/stores/414224/6275d3aca8b67_414224f.jpg,anvone,$29.99
https://s.ecrater.com/stores/414224/6275d3729360e_414224f.jpg,anvone,$29.99
https://s.ecrater.com/stores/414224/6275d33a7f40c_414224f.jpg,anvone,$29.99
https://s.ecrater.com/stores/414224/6275d2fd99f1c_414224f.jpg,anvone,$29.99
https://s.ecrater.com/stores/414224/6275d2c59e2df_414224f.jpg,anvone,$29.99
https://s.ecrater.com/stores/414224/6275d288af265_414224f.jpg,anvone,$29.99
https://s.ecrater.com/stores/414224/6275d24d8ca5e_414224f.jpg,anvone,$29.99
https://s.ecrater.com/stores/414224/6275d20c8342e_414224f.jpg,anvone,$29.99
https://s.ecrater.com/stores/414224/6275d1d4d1bd6_414224f.jpg,anvone,$29.99
https://s.ecrater.com/stores/414224/6275d1a09a505_414224f.jpg,anvone,$29.99
https://s.ecrater.com/stores/414224/6275d16b19ea6_414224f.jpg,anvone,$29.99
https://s.ecrater.com/stores/414224/6275d131b57b3_414224f.jpg,anvone,$29.99
https://s.ecrater.com/stores/414224/6275d0f7c5aca_414224f.jpg,anvone,$29.99
https://s.ecrater.com/stores/414224/6275d0b1d9faf_414224f.jpg,anvone,$29.99
https://s.ecrater.com/stores/473685/6275c173e4e27_473685f.jpg,huwaisat,$12.99
https://s.ecrater.com/stores/491086/62759f6deddb2_491086f.jpg,egrotrade,$19.99
https://s.ecrater.com/stores/414224/6273cc306749a_414224f.jpg,anvone,$299.99
https://s.ecrater.com/stores/562483/6273ac8d6c493_562483f.jpg,youisr4softs,$54.99
https://s.ecrater.com/stores/516262/6272ba29c68d8_516262f.jpg,compusave,$650.00
https://s.ecrater.com/stores/559023/6272819471f9c_559023f.jpg,miozosoftos,$75.99
https://s.ecrater.com/stores/504574/6271f0d1e94de_504574f.jpg,laptopsreborn,$550.00
